{"cameraMode":{"drawMode":0,"name":"Shaded","section":"Shading Mode"},"sceneLighting":true,"audioPlay":false,"sceneViewState":{"m_AlwaysRefresh":false,"showFog":true,"showSkybox":true,"showFlares":true,"showImageEffects":true,"showParticleSystems":true,"showVisualEffectGraphs":true,"m_FxEnabled":true},"in2DMode":false,"pivot":{"x":-1.8398082256317139,"y":-1.024890422821045,"z":0.36791539192199709},"rotation":{"x":-0.599776566028595,"y":-0.03190545365214348,"z":0.023948656395077707,"w":-0.7991896271705627},"size":4.976622104644775,"orthographic":false}